{"stats":{"minecraft:custom":{"minecraft:time_since_rest":564004,"minecraft:crouch_one_cm":1219,"minecraft:play_time":735938,"minecraft:sprint_one_cm":10157,"minecraft:deaths":9,"minecraft:damage_taken":2558,"minecraft:walk_one_cm":51701,"minecraft:sneak_time":351,"minecraft:walk_under_water_one_cm":3391,"minecraft:jump":336,"minecraft:damage_dealt":5932,"minecraft:leave_game":6,"minecraft:walk_on_water_one_cm":2751,"minecraft:time_since_death":564003,"minecraft:total_world_time":735938,"minecraft:fall_one_cm":3837,"minecraft:fly_one_cm":87779,"minecraft:player_kills":84},"minecraft:killed_by":{"minecraft:player":5},"minecraft:picked_up":{"minecraft:tipped_arrow":234,"minecraft:bow":3,"minecraft:wheat_seeds":2,"minecraft:gravel":1,"minecraft:dirt":24},"minecraft:used":{"minecraft:bedrock":4,"minecraft:diamond_sword":64,"minecraft:dirt":34,"minecraft:bow":33,"minecraft:flint_and_steel":9,"minecraft:tnt":9,"minecraft:iron_block":13},"minecraft:mined":{"minecraft:grass_block":1,"minecraft:dirt":4}},"DataVersion":3700}