{"stats":{"minecraft:picked_up":{"minecraft:sand":12,"minecraft:dirt":27,"minecraft:cobblestone":7},"minecraft:custom":{"minecraft:jump":90,"minecraft:time_since_rest":72172,"minecraft:crouch_one_cm":22,"minecraft:damage_taken":16904,"minecraft:play_time":169905,"minecraft:leave_game":2,"minecraft:sprint_one_cm":97,"minecraft:walk_one_cm":5703,"minecraft:time_since_death":72169,"minecraft:deaths":159,"minecraft:sneak_time":6,"minecraft:total_world_time":169905,"minecraft:fall_one_cm":30559,"minecraft:fly_one_cm":40123},"minecraft:killed_by":{"minecraft:player":84}},"DataVersion":3700}