{"stats":{"minecraft:dropped":{"minecraft:iron_ingot":250,"minecraft:stone_axe":5,"minecraft:diamond_axe":11,"minecraft:stone_sword":7,"minecraft:golden_pickaxe":6,"minecraft:diamond_pickaxe":11,"minecraft:wooden_axe":5,"minecraft:obsidian":20,"minecraft:red_nether_brick_slab":1,"minecraft:iron_leggings":3,"minecraft:oak_planks":4,"minecraft:iron_boots":4,"minecraft:iron_axe":7,"minecraft:red_wool":232,"minecraft:wooden_pickaxe":4,"minecraft:iron_pickaxe":6,"minecraft:red_stained_glass":84,"minecraft:grass_block":1,"minecraft:red_terracotta":160,"minecraft:shears":12,"minecraft:golden_apple":11,"minecraft:gold_ingot":239,"minecraft:emerald":256},"minecraft:killed_by":{"minecraft:slime":1},"minecraft:killed":{"minecraft:slime":1},"minecraft:used":{"minecraft:grass_block":9,"minecraft:red_nether_bricks":207,"minecraft:iron_sword":2,"minecraft:red_nether_brick_stairs":126,"minecraft:iron_chestplate":1,"minecraft:dirt":5,"minecraft:red_nether_brick_slab":31},"minecraft:custom":{"minecraft:time_since_rest":361582,"minecraft:interact_with_furnace":2,"minecraft:sprint_one_cm":41915,"minecraft:damage_taken":430,"minecraft:walk_one_cm":40755,"minecraft:mob_kills":1,"minecraft:drop":172,"minecraft:damage_dealt":50,"minecraft:fly_one_cm":242015,"minecraft:crouch_one_cm":3322,"minecraft:play_time":513837,"minecraft:deaths":2,"minecraft:sneak_time":2001,"minecraft:jump":519,"minecraft:leave_game":8,"minecraft:time_since_death":361557,"minecraft:total_world_time":513837,"minecraft:fall_one_cm":14130},"minecraft:mined":{"minecraft:grass_block":3,"minecraft:chest":1,"minecraft:dirt":2},"minecraft:picked_up":{"minecraft:iron_chestplate":1,"minecraft:red_wool":209,"minecraft:red_terracotta":160,"minecraft:iron_horse_armor":1,"minecraft:dirt":5,"minecraft:iron_leggings":1,"minecraft:red_stained_glass":80,"minecraft:iron_ingot":250,"minecraft:bread":9,"minecraft:gold_ingot":237,"minecraft:emerald":256,"minecraft:iron_pickaxe":1,"minecraft:red_nether_brick_slab":1,"minecraft:chest":1,"minecraft:iron_sword":1,"minecraft:iron_boots":2,"minecraft:diamond_pickaxe":1}},"DataVersion":3700}